,Query,Search Option,Max Score,Mean Score,Min Score,Num of Documents
0,What is VeriSoft framework?,{'search_kwargs': {'k': 5}},0.9909876,0.4655280474573374,0.028698804,5.0
1,What is VeriSoft framework?,{'search_kwargs': {'k': 10}},0.9909876,0.2520105838775635,0.018719228,10.0
2,What is VeriSoft framework?,{'search_kwargs': {'k': 15}},0.9909876,0.18734803820649784,0.018719302,15.0
3,What is VeriSoft framework?,"{'search_type': 'mmr', 'search_kwargs': {'k': 5, 'lambda_mult': 0.25}}",0.9909876,0.25868592895567416,0.018719254,5.0
4,What is VeriSoft framework?,"{'search_type': 'mmr', 'search_kwargs': {'k': 5, 'lambda_mult': 0.5}}",0.9909876,0.38321272693574426,0.018719228,5.0
5,What is VeriSoft framework?,"{'search_type': 'mmr', 'search_kwargs': {'k': 5, 'lambda_mult': 0.75}}",0.9909876,0.4660821370780468,0.031469252,5.0
6,What is VeriSoft framework?,"{'search_type': 'mmr', 'search_kwargs': {'k': 10, 'lambda_mult': 0.25}}",0.9909876,0.21834442317485808,0.018719254,10.0
7,What is VeriSoft framework?,"{'search_type': 'mmr', 'search_kwargs': {'k': 10, 'lambda_mult': 0.5}}",0.9909876,0.26565035320818425,0.018719254,10.0
8,What is VeriSoft framework?,"{'search_type': 'mmr', 'search_kwargs': {'k': 10, 'lambda_mult': 0.75}}",0.9909876,0.25393171347677707,0.018719254,10.0
9,What is VeriSoft framework?,"{'search_type': 'similarity_score_threshold', 'search_kwargs': {'score_threshold': 0.5}}",0.9909876,0.5747354403138161,0.15184766,4.0
10,What is VeriSoft framework?,"{'search_type': 'mmr', 'search_kwargs': {'k': 5, 'fetch_k': 30}}",0.9909876,0.38441747054457664,0.018719245,5.0
11,What is VeriSoft framework?,"{'search_type': 'mmr', 'search_kwargs': {'k': 5, 'fetch_k': 50}}",0.9909876,0.36736671258695425,0.0012744816,5.0
12,What is VeriSoft framework?,"{'search_type': 'mmr', 'search_kwargs': {'k': 5, 'fetch_k': 70}}",0.9909876,0.3568984314799309,0.011693643,5.0
13,What is VeriSoft framework?,"{'search_type': 'mmr', 'search_kwargs': {'k': 10, 'fetch_k': 30}}",0.9909876,0.2613282321020961,0.018719245,10.0
14,What is VeriSoft framework?,"{'search_type': 'mmr', 'search_kwargs': {'k': 10, 'fetch_k': 50}}",0.9909876,0.2542530103120953,0.0012744816,10.0
15,What is VeriSoft framework?,"{'search_type': 'mmr', 'search_kwargs': {'k': 10, 'fetch_k': 70}}",0.9909876,0.24901895041111857,0.002785385,10.0
16,How to use the @DriverCapabilities annotation?,{'search_kwargs': {'k': 5}},0.9905151,0.8761961936950684,0.6715163,5.0
17,How to use the @DriverCapabilities annotation?,{'search_kwargs': {'k': 10}},0.9905151,0.7266726162284612,0.06160232,10.0
18,How to use the @DriverCapabilities annotation?,{'search_kwargs': {'k': 15}},0.9905151,0.6290405526136359,0.012889671,15.0
19,How to use the @DriverCapabilities annotation?,"{'search_type': 'mmr', 'search_kwargs': {'k': 5, 'lambda_mult': 0.25}}",0.95319575,0.6183318108320236,0.048155114,5.0
20,How to use the @DriverCapabilities annotation?,"{'search_type': 'mmr', 'search_kwargs': {'k': 5, 'lambda_mult': 0.5}}",0.95319575,0.5439069740474224,0.012889635,5.0
21,How to use the @DriverCapabilities annotation?,"{'search_type': 'mmr', 'search_kwargs': {'k': 5, 'lambda_mult': 0.75}}",0.9905151,0.9123128533363343,0.85209936,5.0
22,How to use the @DriverCapabilities annotation?,"{'search_type': 'mmr', 'search_kwargs': {'k': 10, 'lambda_mult': 0.25}}",0.9905151,0.5855549778789282,0.012889635,10.0
23,How to use the @DriverCapabilities annotation?,"{'search_type': 'mmr', 'search_kwargs': {'k': 10, 'lambda_mult': 0.5}}",0.9905151,0.6570940282195806,0.012889635,10.0
24,How to use the @DriverCapabilities annotation?,"{'search_type': 'mmr', 'search_kwargs': {'k': 10, 'lambda_mult': 0.75}}",0.9905151,0.7470609709620476,0.048155114,10.0
25,How to use the @DriverCapabilities annotation?,"{'search_type': 'similarity_score_threshold', 'search_kwargs': {'score_threshold': 0.5}}",0.9905151,0.9273660778999329,0.85319465,4.0
26,How to use the @DriverCapabilities annotation?,"{'search_type': 'similarity_score_threshold', 'search_kwargs': {'score_threshold': 0.7}}",0.9905151,0.9520898858706156,0.9125588,3.0
27,How to use the @DriverCapabilities annotation?,"{'search_type': 'mmr', 'search_kwargs': {'k': 5, 'fetch_k': 30}}",0.95319587,0.5955730445683003,0.038388465,5.0
28,How to use the @DriverCapabilities annotation?,"{'search_type': 'mmr', 'search_kwargs': {'k': 5, 'fetch_k': 50}}",0.9896884,0.5684608414769172,0.023080591,5.0
29,How to use the @DriverCapabilities annotation?,"{'search_type': 'mmr', 'search_kwargs': {'k': 5, 'fetch_k': 70}}",0.9896884,0.5684608414769172,0.023080591,5.0
30,How to use the @DriverCapabilities annotation?,"{'search_type': 'mmr', 'search_kwargs': {'k': 10, 'fetch_k': 30}}",0.9905151,0.5056704956106841,0.0128896525,10.0
31,How to use the @DriverCapabilities annotation?,"{'search_type': 'mmr', 'search_kwargs': {'k': 10, 'fetch_k': 50}}",0.9896884,0.41881902134045956,0.0128896525,10.0
32,How to use the @DriverCapabilities annotation?,"{'search_type': 'mmr', 'search_kwargs': {'k': 10, 'fetch_k': 70}}",0.9896884,0.42018737848848103,0.023080666,10.0
33,What is the difference between the local thread and the global store?,{'search_kwargs': {'k': 5}},0.9891957,0.5651284034131094,0.0017721629,5.0
34,What is the difference between the local thread and the global store?,{'search_kwargs': {'k': 10}},0.9891957,0.38653295383555814,0.0012181406,10.0
35,What is the difference between the local thread and the global store?,{'search_kwargs': {'k': 15}},0.9891958,0.2596925102911579,0.0005662002,15.0
36,What is the difference between the local thread and the global store?,"{'search_type': 'mmr', 'search_kwargs': {'k': 5, 'lambda_mult': 0.25}}",0.923358,0.20260235328460113,0.00056620076,5.0
37,What is the difference between the local thread and the global store?,"{'search_type': 'mmr', 'search_kwargs': {'k': 5, 'lambda_mult': 0.5}}",0.95767033,0.3878935769200325,0.0042026592,5.0
38,What is the difference between the local thread and the global store?,"{'search_type': 'mmr', 'search_kwargs': {'k': 5, 'lambda_mult': 0.75}}",0.95767033,0.5593095375224948,0.0042026592,5.0
39,What is the difference between the local thread and the global store?,"{'search_type': 'mmr', 'search_kwargs': {'k': 10, 'lambda_mult': 0.25}}",0.923358,0.1098251160728978,0.00038446175,10.0
40,What is the difference between the local thread and the global store?,"{'search_type': 'mmr', 'search_kwargs': {'k': 10, 'lambda_mult': 0.5}}",0.95767033,0.19643159528495743,0.00056619965,10.0
41,What is the difference between the local thread and the global store?,"{'search_type': 'mmr', 'search_kwargs': {'k': 10, 'lambda_mult': 0.75}}",0.95767033,0.28584856920642776,0.0012181406,10.0
42,What is the difference between the local thread and the global store?,"{'search_type': 'similarity_score_threshold', 'search_kwargs': {'score_threshold': 0.5}}",0.9891957,0.7059674886986613,0.04403312,4.0
43,What is the difference between the local thread and the global store?,"{'search_type': 'mmr', 'search_kwargs': {'k': 5, 'fetch_k': 30}}",0.95767033,0.3773969851084985,0.00042448257,5.0
44,What is the difference between the local thread and the global store?,"{'search_type': 'mmr', 'search_kwargs': {'k': 5, 'fetch_k': 50}}",0.95767033,0.3766296828194754,0.00022443071,5.0
45,What is the difference between the local thread and the global store?,"{'search_type': 'mmr', 'search_kwargs': {'k': 5, 'fetch_k': 70}}",0.95767033,0.3766296828194754,0.00022443071,5.0
46,What is the difference between the local thread and the global store?,"{'search_type': 'mmr', 'search_kwargs': {'k': 10, 'fetch_k': 30}}",0.95767033,0.19522461080923675,0.00042448257,10.0
47,What is the difference between the local thread and the global store?,"{'search_type': 'mmr', 'search_kwargs': {'k': 10, 'fetch_k': 50}}",0.95767033,0.19376977140491364,0.00022443093,10.0
48,What is the difference between the local thread and the global store?,"{'search_type': 'mmr', 'search_kwargs': {'k': 10, 'fetch_k': 70}}",0.95767033,0.19376977140491364,0.00022443093,10.0
49,What is the EnvConfig class and how to use it?,{'search_kwargs': {'k': 5}},0.9904942,0.32312776930630205,0.027225554,5.0
50,What is the EnvConfig class and how to use it?,{'search_kwargs': {'k': 10}},0.9904942,0.28288190462626517,0.003944157,10.0
51,What is the EnvConfig class and how to use it?,{'search_kwargs': {'k': 15}},0.9904941,0.19642643081024289,0.003944157,15.0
52,What is the EnvConfig class and how to use it?,"{'search_type': 'mmr', 'search_kwargs': {'k': 5, 'lambda_mult': 0.25}}",0.1100338,0.049635916203260425,0.012511509,5.0
53,What is the EnvConfig class and how to use it?,"{'search_type': 'mmr', 'search_kwargs': {'k': 5, 'lambda_mult': 0.5}}",0.1100338,0.049635916203260425,0.012511509,5.0
54,What is the EnvConfig class and how to use it?,"{'search_type': 'mmr', 'search_kwargs': {'k': 5, 'lambda_mult': 0.75}}",0.9904942,0.31847148993983865,0.003944157,5.0
55,What is the EnvConfig class and how to use it?,"{'search_type': 'mmr', 'search_kwargs': {'k': 10, 'lambda_mult': 0.25}}",0.45832324,0.07628303449600934,0.0054053646,10.0
56,What is the EnvConfig class and how to use it?,"{'search_type': 'mmr', 'search_kwargs': {'k': 10, 'lambda_mult': 0.5}}",0.9904942,0.17857131473720073,0.005405359,10.0
57,What is the EnvConfig class and how to use it?,"{'search_type': 'mmr', 'search_kwargs': {'k': 10, 'lambda_mult': 0.75}}",0.9904942,0.27866332554258405,0.0039441646,10.0
58,What is the EnvConfig class and how to use it?,"{'search_type': 'similarity_score_threshold', 'search_kwargs': {'score_threshold': 0.5}}",0.9904942,0.3971034539863467,0.02956235,4.0
59,What is the EnvConfig class and how to use it?,"{'search_type': 'mmr', 'search_kwargs': {'k': 5, 'fetch_k': 30}}",0.1100338,0.05002889335155487,0.012511509,5.0
60,What is the EnvConfig class and how to use it?,"{'search_type': 'mmr', 'search_kwargs': {'k': 5, 'fetch_k': 50}}",0.1100338,0.05002889335155487,0.012511509,5.0
61,What is the EnvConfig class and how to use it?,"{'search_type': 'mmr', 'search_kwargs': {'k': 5, 'fetch_k': 70}}",0.11003362,0.04846367677673698,0.0046858597,5.0
62,What is the EnvConfig class and how to use it?,"{'search_type': 'mmr', 'search_kwargs': {'k': 10, 'fetch_k': 30}}",0.9904942,0.1831312332302332,0.012511509,10.0
63,What is the EnvConfig class and how to use it?,"{'search_type': 'mmr', 'search_kwargs': {'k': 10, 'fetch_k': 50}}",0.9904942,0.17488001815509052,0.0020687121,10.0
64,What is the EnvConfig class and how to use it?,"{'search_type': 'mmr', 'search_kwargs': {'k': 10, 'fetch_k': 70}}",0.9904942,0.13186850323108956,0.0009957406,10.0
65,Show an example of how to perform a retry in the verisoft framework,{'search_kwargs': {'k': 5}},0.996148,0.8033865511417388,0.26036468,5.0
66,Show an example of how to perform a retry in the verisoft framework,{'search_kwargs': {'k': 10}},0.996148,0.6283520191907883,0.04222747,10.0
67,Show an example of how to perform a retry in the verisoft framework,{'search_kwargs': {'k': 15}},0.996148,0.5889257070918877,0.042227488,15.0
68,Show an example of how to perform a retry in the verisoft framework,"{'search_type': 'mmr', 'search_kwargs': {'k': 5, 'lambda_mult': 0.25}}",0.996148,0.4717034637928009,0.07210574,5.0
69,Show an example of how to perform a retry in the verisoft framework,"{'search_type': 'mmr', 'search_kwargs': {'k': 5, 'lambda_mult': 0.5}}",0.996148,0.6792678311467171,0.07210574,5.0
70,Show an example of how to perform a retry in the verisoft framework,"{'search_type': 'mmr', 'search_kwargs': {'k': 5, 'lambda_mult': 0.75}}",0.996148,0.8316838860511779,0.5549936,5.0
71,Show an example of how to perform a retry in the verisoft framework,"{'search_type': 'mmr', 'search_kwargs': {'k': 10, 'lambda_mult': 0.25}}",0.996148,0.4845752611756325,0.04222747,10.0
72,Show an example of how to perform a retry in the verisoft framework,"{'search_type': 'mmr', 'search_kwargs': {'k': 10, 'lambda_mult': 0.5}}",0.996148,0.5342816703021527,0.04222747,10.0
73,Show an example of how to perform a retry in the verisoft framework,"{'search_type': 'mmr', 'search_kwargs': {'k': 10, 'lambda_mult': 0.75}}",0.996148,0.6215662904083729,0.07210574,10.0
74,Show an example of how to perform a retry in the verisoft framework,"{'search_type': 'similarity_score_threshold', 'search_kwargs': {'score_threshold': 0.5}}",0.996148,0.8084136322140694,0.26036468,4.0
75,Show an example of how to perform a retry in the verisoft framework,"{'search_type': 'similarity_score_threshold', 'search_kwargs': {'score_threshold': 0.7}}",0.99214196,0.9921419620513916,0.99214196,1.0
76,Show an example of how to perform a retry in the verisoft framework,"{'search_type': 'mmr', 'search_kwargs': {'k': 5, 'fetch_k': 30}}",0.996148,0.6792678311467171,0.07210574,5.0
77,Show an example of how to perform a retry in the verisoft framework,"{'search_type': 'mmr', 'search_kwargs': {'k': 5, 'fetch_k': 50}}",0.996148,0.538920222222805,0.07210574,5.0
78,Show an example of how to perform a retry in the verisoft framework,"{'search_type': 'mmr', 'search_kwargs': {'k': 5, 'fetch_k': 70}}",0.996148,0.538920222222805,0.07210574,5.0
79,Show an example of how to perform a retry in the verisoft framework,"{'search_type': 'mmr', 'search_kwargs': {'k': 10, 'fetch_k': 30}}",0.996148,0.517211751639843,0.04222747,10.0
80,Show an example of how to perform a retry in the verisoft framework,"{'search_type': 'mmr', 'search_kwargs': {'k': 10, 'fetch_k': 50}}",0.996148,0.4077330410480499,0.04222747,10.0
81,Show an example of how to perform a retry in the verisoft framework,"{'search_type': 'mmr', 'search_kwargs': {'k': 10, 'fetch_k': 70}}",0.996148,0.4286045052111149,0.04222747,10.0
82,What is the object repository and how to use it?,{'search_kwargs': {'k': 5}},0.9906719,0.6966608136892318,0.20576052,5.0
83,What is the object repository and how to use it?,{'search_kwargs': {'k': 10}},0.9906719,0.4220976784825325,0.04702546,10.0
84,What is the object repository and how to use it?,{'search_kwargs': {'k': 15}},0.9906719,0.33970999494194987,0.019184982,15.0
85,What is the object repository and how to use it?,"{'search_type': 'mmr', 'search_kwargs': {'k': 5, 'lambda_mult': 0.25}}",0.987038,0.2768728699535131,0.01918503,5.0
86,What is the object repository and how to use it?,"{'search_type': 'mmr', 'search_kwargs': {'k': 5, 'lambda_mult': 0.5}}",0.987038,0.34702422469854355,0.030441858,5.0
87,What is the object repository and how to use it?,"{'search_type': 'mmr', 'search_kwargs': {'k': 5, 'lambda_mult': 0.75}}",0.9906719,0.6760528296232223,0.1027206,5.0
88,What is the object repository and how to use it?,"{'search_type': 'mmr', 'search_kwargs': {'k': 10, 'lambda_mult': 0.25}}",0.987038,0.23102134820073844,0.019185005,10.0
89,What is the object repository and how to use it?,"{'search_type': 'mmr', 'search_kwargs': {'k': 10, 'lambda_mult': 0.5}}",0.9906719,0.3231693923473358,0.03044185,10.0
90,What is the object repository and how to use it?,"{'search_type': 'mmr', 'search_kwargs': {'k': 10, 'lambda_mult': 0.75}}",0.9906719,0.4123473145067692,0.03044185,10.0
91,What is the object repository and how to use it?,"{'search_type': 'similarity_score_threshold', 'search_kwargs': {'score_threshold': 0.5}}",0.9906719,0.7913655005395412,0.20576052,4.0
92,What is the object repository and how to use it?,"{'search_type': 'similarity_score_threshold', 'search_kwargs': {'score_threshold': 0.7}}",0.987038,0.9870380163192749,0.987038,1.0
93,What is the object repository and how to use it?,"{'search_type': 'mmr', 'search_kwargs': {'k': 5, 'fetch_k': 30}}",0.987038,0.30703001767396926,0.043805473,5.0
94,What is the object repository and how to use it?,"{'search_type': 'mmr', 'search_kwargs': {'k': 5, 'fetch_k': 50}}",0.987038,0.2485701994970441,0.0047795186,5.0
95,What is the object repository and how to use it?,"{'search_type': 'mmr', 'search_kwargs': {'k': 5, 'fetch_k': 70}}",0.987038,0.2485701994970441,0.0047795186,5.0
96,What is the object repository and how to use it?,"{'search_type': 'mmr', 'search_kwargs': {'k': 10, 'fetch_k': 30}}",0.9906719,0.30179269731743263,0.0013288454,10.0
97,What is the object repository and how to use it?,"{'search_type': 'mmr', 'search_kwargs': {'k': 10, 'fetch_k': 50}}",0.9906719,0.2660603224299848,0.002464002,10.0
98,What is the object repository and how to use it?,"{'search_type': 'mmr', 'search_kwargs': {'k': 10, 'fetch_k': 70}}",0.9906719,0.2660603224299848,0.002464002,10.0
99,Show an example of how to add a value in the application.properties file and use it in a test / class,{'search_kwargs': {'k': 5}},0.9970202,0.9671247601509094,0.8774083,5.0
100,Show an example of how to add a value in the application.properties file and use it in a test / class,{'search_kwargs': {'k': 10}},0.9970202,0.7001007559709251,0.009936917,10.0
101,Show an example of how to add a value in the application.properties file and use it in a test / class,{'search_kwargs': {'k': 15}},0.9970202,0.5671927040442825,0.00993692,15.0
102,Show an example of how to add a value in the application.properties file and use it in a test / class,"{'search_type': 'mmr', 'search_kwargs': {'k': 5, 'lambda_mult': 0.25}}",0.87740815,0.22115464843809604,0.02939608,5.0
103,Show an example of how to add a value in the application.properties file and use it in a test / class,"{'search_type': 'mmr', 'search_kwargs': {'k': 5, 'lambda_mult': 0.5}}",0.9970202,0.5770355263724923,0.009936948,5.0
104,Show an example of how to add a value in the application.properties file and use it in a test / class,"{'search_type': 'mmr', 'search_kwargs': {'k': 5, 'lambda_mult': 0.75}}",0.9970202,0.7704438662156463,0.009936917,5.0
105,Show an example of how to add a value in the application.properties file and use it in a test / class,"{'search_type': 'mmr', 'search_kwargs': {'k': 10, 'lambda_mult': 0.25}}",0.99656004,0.43671939726918935,0.027249321,10.0
106,Show an example of how to add a value in the application.properties file and use it in a test / class,"{'search_type': 'mmr', 'search_kwargs': {'k': 10, 'lambda_mult': 0.5}}",0.9970202,0.46584838489070535,0.009936917,10.0
107,Show an example of how to add a value in the application.properties file and use it in a test / class,"{'search_type': 'mmr', 'search_kwargs': {'k': 10, 'lambda_mult': 0.75}}",0.9970202,0.6806444060988724,0.009936917,10.0
108,Show an example of how to add a value in the application.properties file and use it in a test / class,"{'search_type': 'similarity_score_threshold', 'search_kwargs': {'score_threshold': 0.5}}",0.9970202,0.9597659409046173,0.8774083,4.0
109,Show an example of how to add a value in the application.properties file and use it in a test / class,"{'search_type': 'similarity_score_threshold', 'search_kwargs': {'score_threshold': 0.7}}",0.97129405,0.9243510961532593,0.87740815,2.0
110,Show an example of how to add a value in the application.properties file and use it in a test / class,"{'search_type': 'mmr', 'search_kwargs': {'k': 5, 'fetch_k': 30}}",0.9970202,0.5815402140840888,0.009936917,5.0
111,Show an example of how to add a value in the application.properties file and use it in a test / class,"{'search_type': 'mmr', 'search_kwargs': {'k': 5, 'fetch_k': 50}}",0.9970202,0.5879029309377074,0.012442808,5.0
112,Show an example of how to add a value in the application.properties file and use it in a test / class,"{'search_type': 'mmr', 'search_kwargs': {'k': 5, 'fetch_k': 70}}",0.97129405,0.41857940014451744,0.012442808,5.0
113,Show an example of how to add a value in the application.properties file and use it in a test / class,"{'search_type': 'mmr', 'search_kwargs': {'k': 10, 'fetch_k': 30}}",0.9970202,0.48898198409006,0.009936917,10.0
114,Show an example of how to add a value in the application.properties file and use it in a test / class,"{'search_type': 'mmr', 'search_kwargs': {'k': 10, 'fetch_k': 50}}",0.9970202,0.4302835843525827,0.012442843,10.0
115,Show an example of how to add a value in the application.properties file and use it in a test / class,"{'search_type': 'mmr', 'search_kwargs': {'k': 10, 'fetch_k': 70}}",0.9970202,0.34566781735047697,0.012442843,10.0
116,I created Propertis file for using in tests. how can I read specific property from My Properties file,{'search_kwargs': {'k': 5}},0.9385959,0.6458371043205261,0.20728028,5.0
117,I created Propertis file for using in tests. how can I read specific property from My Properties file,{'search_kwargs': {'k': 10}},0.98623997,0.5510971687734127,0.08859681,10.0
118,I created Propertis file for using in tests. how can I read specific property from My Properties file,{'search_kwargs': {'k': 15}},0.98623997,0.43406675569713116,0.0064619407,15.0
119,I created Propertis file for using in tests. how can I read specific property from My Properties file,"{'search_type': 'mmr', 'search_kwargs': {'k': 5, 'lambda_mult': 0.25}}",0.821975,0.31360453916713593,0.006713701,5.0
120,I created Propertis file for using in tests. how can I read specific property from My Properties file,"{'search_type': 'mmr', 'search_kwargs': {'k': 5, 'lambda_mult': 0.5}}",0.821975,0.31360453916713593,0.006713701,5.0
121,I created Propertis file for using in tests. how can I read specific property from My Properties file,"{'search_type': 'mmr', 'search_kwargs': {'k': 5, 'lambda_mult': 0.75}}",0.9385959,0.547578538954258,0.08463917,5.0
122,I created Propertis file for using in tests. how can I read specific property from My Properties file,"{'search_type': 'mmr', 'search_kwargs': {'k': 10, 'lambda_mult': 0.25}}",0.8476735,0.27493019588291645,0.006713707,10.0
123,I created Propertis file for using in tests. how can I read specific property from My Properties file,"{'search_type': 'mmr', 'search_kwargs': {'k': 10, 'lambda_mult': 0.5}}",0.98623997,0.3659217022359371,0.006461922,10.0
124,I created Propertis file for using in tests. how can I read specific property from My Properties file,"{'search_type': 'mmr', 'search_kwargs': {'k': 10, 'lambda_mult': 0.75}}",0.98623997,0.46206567883491517,0.006461922,10.0
125,I created Propertis file for using in tests. how can I read specific property from My Properties file,"{'search_type': 'similarity_score_threshold', 'search_kwargs': {'score_threshold': 0.5}}",0.9385959,0.6527643650770187,0.20728016,4.0
126,I created Propertis file for using in tests. how can I read specific property from My Properties file,"{'search_type': 'mmr', 'search_kwargs': {'k': 5, 'fetch_k': 30}}",0.821975,0.31547349095344546,0.037872225,5.0
127,I created Propertis file for using in tests. how can I read specific property from My Properties file,"{'search_type': 'mmr', 'search_kwargs': {'k': 5, 'fetch_k': 50}}",0.821975,0.32075878428295257,0.0055662603,5.0
128,I created Propertis file for using in tests. how can I read specific property from My Properties file,"{'search_type': 'mmr', 'search_kwargs': {'k': 5, 'fetch_k': 70}}",0.821975,0.2536048603244126,0.0055662603,5.0
129,I created Propertis file for using in tests. how can I read specific property from My Properties file,"{'search_type': 'mmr', 'search_kwargs': {'k': 10, 'fetch_k': 30}}",0.8476727,0.3126695089042187,0.037872225,10.0
130,I created Propertis file for using in tests. how can I read specific property from My Properties file,"{'search_type': 'mmr', 'search_kwargs': {'k': 10, 'fetch_k': 50}}",0.821975,0.1982792233582586,0.005566247,10.0
131,I created Propertis file for using in tests. how can I read specific property from My Properties file,"{'search_type': 'mmr', 'search_kwargs': {'k': 10, 'fetch_k': 70}}",0.821975,0.19158531674183904,0.0014330749,10.0
132,"Is there infrastructure support for reporting to XRAY? And if so, how do you use it?",{'search_kwargs': {'k': 5}},0.98891944,0.5533574268221855,0.072009645,5.0
133,"Is there infrastructure support for reporting to XRAY? And if so, how do you use it?",{'search_kwargs': {'k': 10}},0.98891944,0.3639317866414785,0.035707477,10.0
134,"Is there infrastructure support for reporting to XRAY? And if so, how do you use it?",{'search_kwargs': {'k': 15}},0.98891944,0.3022435291049381,0.0033024396,15.0
135,"Is there infrastructure support for reporting to XRAY? And if so, how do you use it?","{'search_type': 'mmr', 'search_kwargs': {'k': 5, 'lambda_mult': 0.25}}",0.6555242,0.18276897668838502,0.060466163,5.0
136,"Is there infrastructure support for reporting to XRAY? And if so, how do you use it?","{'search_type': 'mmr', 'search_kwargs': {'k': 5, 'lambda_mult': 0.5}}",0.6555241,0.22755960673093795,0.062131077,5.0
137,"Is there infrastructure support for reporting to XRAY? And if so, how do you use it?","{'search_type': 'mmr', 'search_kwargs': {'k': 5, 'lambda_mult': 0.75}}",0.98891944,0.5092162355780602,0.06371364,5.0
138,"Is there infrastructure support for reporting to XRAY? And if so, how do you use it?","{'search_type': 'mmr', 'search_kwargs': {'k': 10, 'lambda_mult': 0.25}}",0.6555242,0.1679734129458666,0.023411386,10.0
139,"Is there infrastructure support for reporting to XRAY? And if so, how do you use it?","{'search_type': 'mmr', 'search_kwargs': {'k': 10, 'lambda_mult': 0.5}}",0.7659145,0.21277518060524017,0.0033024412,10.0
140,"Is there infrastructure support for reporting to XRAY? And if so, how do you use it?","{'search_type': 'mmr', 'search_kwargs': {'k': 10, 'lambda_mult': 0.75}}",0.98891944,0.352169003081508,0.0033024412,10.0
141,"Is there infrastructure support for reporting to XRAY? And if so, how do you use it?","{'search_type': 'similarity_score_threshold', 'search_kwargs': {'score_threshold': 0.5}}",0.7659152,0.44446747563779354,0.07201012,4.0
142,"Is there infrastructure support for reporting to XRAY? And if so, how do you use it?","{'search_type': 'mmr', 'search_kwargs': {'k': 5, 'fetch_k': 30}}",0.6555241,0.1786768063902855,0.040005594,5.0
143,"Is there infrastructure support for reporting to XRAY? And if so, how do you use it?","{'search_type': 'mmr', 'search_kwargs': {'k': 5, 'fetch_k': 50}}",0.6555241,0.1786768063902855,0.040005594,5.0
144,"Is there infrastructure support for reporting to XRAY? And if so, how do you use it?","{'search_type': 'mmr', 'search_kwargs': {'k': 5, 'fetch_k': 70}}",0.6555241,0.1786768063902855,0.040005594,5.0
145,"Is there infrastructure support for reporting to XRAY? And if so, how do you use it?","{'search_type': 'mmr', 'search_kwargs': {'k': 10, 'fetch_k': 30}}",0.7659144,0.20061393997166305,0.0033024459,10.0
146,"Is there infrastructure support for reporting to XRAY? And if so, how do you use it?","{'search_type': 'mmr', 'search_kwargs': {'k': 10, 'fetch_k': 50}}",0.7659144,0.1973998524947092,0.0033024459,10.0
147,"Is there infrastructure support for reporting to XRAY? And if so, how do you use it?","{'search_type': 'mmr', 'search_kwargs': {'k': 10, 'fetch_k': 70}}",0.7659144,0.1973998524947092,0.0033024459,10.0
148,What is soft assert and how to use it in my test?,{'search_kwargs': {'k': 5}},0.9932053,0.7543667197227478,0.36192662,5.0
149,What is soft assert and how to use it in my test?,{'search_kwargs': {'k': 10}},0.9932053,0.4885421823710203,0.033150304,10.0
150,What is soft assert and how to use it in my test?,{'search_kwargs': {'k': 15}},0.9932053,0.40504421091948944,0.0069834995,15.0
151,What is soft assert and how to use it in my test?,"{'search_type': 'mmr', 'search_kwargs': {'k': 5, 'lambda_mult': 0.25}}",0.9932053,0.5529001881368458,0.006983476,5.0
152,What is soft assert and how to use it in my test?,"{'search_type': 'mmr', 'search_kwargs': {'k': 5, 'lambda_mult': 0.5}}",0.9932053,0.5529001881368458,0.006983476,5.0
153,What is soft assert and how to use it in my test?,"{'search_type': 'mmr', 'search_kwargs': {'k': 5, 'lambda_mult': 0.75}}",0.9932053,0.6523266702890396,0.16400956,5.0
154,What is soft assert and how to use it in my test?,"{'search_type': 'mmr', 'search_kwargs': {'k': 10, 'lambda_mult': 0.25}}",0.9932053,0.3312154049053788,0.006983486,10.0
155,What is soft assert and how to use it in my test?,"{'search_type': 'mmr', 'search_kwargs': {'k': 10, 'lambda_mult': 0.5}}",0.9932053,0.33432785253971814,0.006983486,10.0
156,What is soft assert and how to use it in my test?,"{'search_type': 'mmr', 'search_kwargs': {'k': 10, 'lambda_mult': 0.75}}",0.9932053,0.4628274029120803,0.021819187,10.0
157,What is soft assert and how to use it in my test?,"{'search_type': 'similarity_score_threshold', 'search_kwargs': {'score_threshold': 0.5}}",0.9932053,0.7535772770643234,0.36192614,4.0
158,What is soft assert and how to use it in my test?,"{'search_type': 'mmr', 'search_kwargs': {'k': 5, 'fetch_k': 30}}",0.9932053,0.5529001881368458,0.006983476,5.0
159,What is soft assert and how to use it in my test?,"{'search_type': 'mmr', 'search_kwargs': {'k': 5, 'fetch_k': 50}}",0.9932053,0.5529001881368458,0.006983476,5.0
160,What is soft assert and how to use it in my test?,"{'search_type': 'mmr', 'search_kwargs': {'k': 5, 'fetch_k': 70}}",0.9932053,0.5529001881368458,0.006983476,5.0
161,What is soft assert and how to use it in my test?,"{'search_type': 'mmr', 'search_kwargs': {'k': 10, 'fetch_k': 30}}",0.9932053,0.32110729517880826,0.0029649904,10.0
162,What is soft assert and how to use it in my test?,"{'search_type': 'mmr', 'search_kwargs': {'k': 10, 'fetch_k': 50}}",0.9932053,0.33006696703378113,0.0029649904,10.0
163,What is soft assert and how to use it in my test?,"{'search_type': 'mmr', 'search_kwargs': {'k': 10, 'fetch_k': 70}}",0.9932053,0.32726657122475444,0.00010757983,10.0
